s01perfuser001_20260610@yopmail.com,Password123!
s01perfuser002_20260610@yopmail.com,Password123!
s01perfuser003_20260610@yopmail.com,Password123!
s01perfuser004_20260610@yopmail.com,Password123!
s01perfuser005_20260610@yopmail.com,Password123!
s01perfuser006_20260610@yopmail.com,Password123!
s01perfuser007_20260610@yopmail.com,Password123!
s01perfuser008_20260610@yopmail.com,Password123!
s01perfuser009_20260610@yopmail.com,Password123!
s01perfuser010_20260610@yopmail.com,Password123!
s01perfuser011_20260610@yopmail.com,Password123!
s01perfuser012_20260610@yopmail.com,Password123!
s01perfuser013_20260610@yopmail.com,Password123!
s01perfuser014_20260610@yopmail.com,Password123!
s01perfuser015_20260610@yopmail.com,Password123!
s01perfuser016_20260610@yopmail.com,Password123!
s01perfuser017_20260610@yopmail.com,Password123!
s01perfuser018_20260610@yopmail.com,Password123!
s01perfuser019_20260610@yopmail.com,Password123!
s01perfuser020_20260610@yopmail.com,Password123!
